Time (Sec);S2;S14;S17;S20;S22;S25;S26;S27;S28;S29;S30;S31;S33;S34;S35;S36;S37;S38;S4;S5;S6;S7;
0.0;19160.0;19160.0;19160.0;19160.0;19160.0;19160.0;19160.0;19160.0;19160.0;19160.0;19160.0;19160.0;19160.0;19160.0;19160.0;19160.0;19160.0;19160.0;19160.0;19160.0;19160.0;19160.0;
1.003333333333334;19160.0;99.82509119999986;99.82509119999986;99.82509119999986;99.82509119999986;99.82509119999986;99.82509119999986;99.82509119999986;99.82509119999986;99.82509119999986;99.82509119999986;99.82509119999986;99.82509119999986;99.82509119999986;99.82509119999986;99.82509119999986;99.82509119999986;99.82509119999986;99.82509119999986;99.82509119999986;99.82509119999986;99.82509119999986;
2.003333333333335;19160.0;99.8200911999997;99.8200911999997;99.8200911999997;99.8200911999997;99.8200911999997;99.8200911999997;99.8200911999997;99.8200911999997;99.8200911999997;99.8200911999997;99.8200911999997;99.8200911999997;99.8200911999997;99.8200911999997;99.8200911999997;99.8200911999997;99.8200911999997;99.8200911999997;99.8200911999997;99.8200911999997;99.8200911999997;
3.003333333333317;19160.0;99.81509119999953;99.81509119999953;99.81509119999953;99.81509119999953;99.81509119999953;99.81509119999953;99.81509119999953;99.81509119999953;99.81509119999953;99.81509119999953;99.81509119999953;99.81509119999953;99.81509119999953;99.81509119999953;99.81509119999953;99.81509119999953;99.81509119999953;99.81509119999953;99.81509119999953;99.81509119999953;99.81509119999953;
4.003333333333296;19160.0;99.81009119999936;99.81009119999936;99.81009119999936;99.81009119999936;99.81009119999936;99.81009119999936;99.81009119999936;99.81009119999936;99.81009119999936;99.81009119999936;99.81009119999936;99.81009119999936;99.81009119999936;99.81009119999936;99.81009119999936;99.81009119999936;99.81009119999936;99.81009119999936;99.81009119999936;99.81009119999936;99.81009119999936;
5.003333333333274;19160.0;99.8050911999992;99.8050911999992;99.8050911999992;99.8050911999992;99.8050911999992;99.8050911999992;99.8050911999992;99.8050911999992;99.8050911999992;99.8050911999992;99.8050911999992;99.8050911999992;99.8050911999992;99.8050911999992;99.8050911999992;99.8050911999992;99.8050911999992;99.8050911999992;99.8050911999992;99.8050911999992;99.8050911999992;
6.003333333333255;19160.0;99.80009119999903;99.80009119999903;99.80009119999903;99.80009119999903;99.80009119999903;99.80009119999903;99.80009119999903;99.80009119999903;99.80009119999903;99.80009119999903;99.80009119999903;99.80009119999903;99.80009119999903;99.80009119999903;99.80009119999903;99.80009119999903;99.80009119999903;99.80009119999903;99.80009119999903;99.80009119999903;99.80009119999903;
7.0065253333332755;19160.0;99.79499119999886;99.79499119999886;99.79499119999886;99.79499119999886;99.0372311999991;99.79499119999886;99.0372311999991;99.79499119999886;99.79499119999886;99.79499119999886;99.79499119999886;99.79499119999886;99.79499119999886;99.79499119999886;99.79499119999886;99.79499119999886;99.79499119999886;99.0372311999991;99.79499119999886;99.79499119999886;99.79499119999886;
8.006525333333299;19160.0;99.7899911999987;99.7899911999987;99.7899911999987;99.7899911999987;98.27447119999917;99.7899911999987;98.27447119999917;99.7899911999987;99.7899911999987;99.7899911999987;99.7899911999987;99.7899911999987;99.7899911999987;99.7899911999987;99.7899911999987;99.7899911999987;99.7899911999987;98.27447119999917;99.7899911999987;99.7899911999987;99.7899911999987;
9.006525333333277;19160.0;99.78499119999853;99.78499119999853;99.78499119999853;99.78499119999853;97.51171119999924;99.78499119999853;97.51171119999924;99.78499119999853;99.78499119999853;99.78499119999853;99.78499119999853;99.78499119999853;99.78499119999853;99.78499119999853;99.78499119999853;99.78499119999853;99.78499119999853;97.51171119999924;99.78499119999853;99.78499119999853;99.78499119999853;
10.006525333333256;19160.0;99.77999119999836;99.77999119999836;99.77999119999836;99.77999119999836;96.74895119999931;99.77999119999836;96.74895119999931;99.77999119999836;99.77999119999836;99.77999119999836;99.77999119999836;99.77999119999836;99.77999119999836;99.77999119999836;99.77999119999836;99.77999119999836;99.77999119999836;96.74895119999931;99.77999119999836;99.77999119999836;99.77999119999836;
11.006525333333235;19160.0;99.7749911999982;99.7749911999982;99.7749911999982;99.7749911999982;95.98619119999938;99.7749911999982;95.98619119999938;99.7749911999982;99.7749911999982;99.7749911999982;99.7749911999982;99.7749911999982;99.7749911999982;99.7749911999982;99.7749911999982;99.7749911999982;99.7749911999982;95.98619119999938;99.7749911999982;99.7749911999982;99.7749911999982;
12.006525333333213;19160.0;99.76999119999803;99.76999119999803;99.76999119999803;99.76999119999803;95.22343119999945;99.76999119999803;95.22343119999945;99.76999119999803;99.76999119999803;99.76999119999803;99.76999119999803;99.76999119999803;99.76999119999803;99.76999119999803;99.76999119999803;99.76999119999803;99.76999119999803;95.22343119999945;99.76999119999803;99.76999119999803;99.76999119999803;
13.006525333333192;19160.0;99.76499119999787;99.76499119999787;99.0072311999981;99.76499119999787;94.46067119999952;99.0072311999981;95.21843119999929;99.76499119999787;99.0072311999981;99.76499119999787;99.0072311999981;99.76499119999787;99.76499119999787;99.76499119999787;99.76499119999787;99.76499119999787;99.76499119999787;95.21843119999929;99.76499119999787;99.76499119999787;99.76499119999787;
14.00652533333317;19160.0;99.7599911999977;99.7599911999977;98.24447119999817;99.7599911999977;93.6979111999996;98.24447119999817;95.21343119999912;99.7599911999977;98.24447119999817;99.7599911999977;98.24447119999817;99.7599911999977;99.7599911999977;99.7599911999977;99.7599911999977;99.7599911999977;99.7599911999977;95.21343119999912;99.7599911999977;99.7599911999977;99.7599911999977;
15.00652533333315;19160.0;99.75499119999753;99.75499119999753;97.48171119999824;99.75499119999753;92.93515119999967;97.48171119999824;95.20843119999896;99.75499119999753;97.48171119999824;99.75499119999753;97.48171119999824;99.75499119999753;99.75499119999753;99.75499119999753;99.75499119999753;99.75499119999753;99.75499119999753;95.20843119999896;99.75499119999753;99.75499119999753;99.75499119999753;
16.00652533333313;19160.0;99.74999119999737;99.74999119999737;96.71895119999832;99.74999119999737;92.17239119999974;96.71895119999832;95.20343119999879;99.74999119999737;96.71895119999832;99.74999119999737;96.71895119999832;99.74999119999737;99.74999119999737;99.74999119999737;99.74999119999737;99.74999119999737;99.74999119999737;95.20343119999879;99.74999119999737;99.74999119999737;99.74999119999737;
17.006525333333286;19160.0;99.7449911999972;99.7449911999972;95.95619119999839;99.7449911999972;91.40963119999981;95.95619119999839;95.19843119999862;99.7449911999972;95.95619119999839;99.7449911999972;95.95619119999839;99.7449911999972;99.7449911999972;99.7449911999972;99.7449911999972;99.7449911999972;99.7449911999972;95.19843119999862;99.7449911999972;99.7449911999972;99.7449911999972;
18.00000000000017;19160.0;99.74009119999704;99.74009119999704;95.19353119999846;99.74009119999704;90.64697119999988;95.19353119999846;95.19353119999846;99.74009119999704;95.19353119999846;99.74009119999704;95.19353119999846;99.74009119999704;99.74009119999704;99.74009119999704;99.74009119999704;99.74009119999704;99.74009119999704;95.19353119999846;99.74009119999704;99.74009119999704;99.74009119999704;
19.0065253333336;19160.0;99.73499119999687;99.73499119999687;95.18843119999829;99.73499119999687;90.64187119999971;95.18843119999829;95.18843119999829;99.73499119999687;95.18843119999829;99.73499119999687;95.18843119999829;99.73499119999687;99.73499119999687;99.73499119999687;99.73499119999687;99.73499119999687;99.73499119999687;95.18843119999829;98.9772311999971;99.73499119999687;99.73499119999687;
20.030550666667057;19160.0;99.73109119999674;99.73109119999674;95.18453119999816;99.73109119999674;90.63797119999958;95.18453119999816;95.18453119999816;99.73109119999674;95.18453119999816;99.73109119999674;95.18453119999816;99.73109119999674;99.73109119999674;99.73109119999674;99.73109119999674;99.73109119999674;99.73109119999674;95.18453119999816;98.36712319999717;99.73109119999674;99.73109119999674;
21.03055066666707;19160.0;99.73109119999674;99.73109119999674;95.18453119999816;99.73109119999674;90.63797119999958;95.18453119999816;95.18453119999816;99.73109119999674;95.18453119999816;99.73109119999674;95.18453119999816;99.73109119999674;99.73109119999674;99.73109119999674;99.73109119999674;99.73109119999674;99.73109119999674;95.18453119999816;98.36712319999717;99.73109119999674;99.73109119999674;
22.030550666667086;19160.0;99.73109119999674;99.73109119999674;95.18453119999816;99.73109119999674;90.63797119999958;95.18453119999816;95.18453119999816;99.73109119999674;95.18453119999816;99.73109119999674;95.18453119999816;99.73109119999674;99.73109119999674;99.73109119999674;99.73109119999674;99.73109119999674;99.73109119999674;95.18453119999816;98.36712319999717;99.73109119999674;99.73109119999674;
23.0305506666671;19160.0;99.73109119999674;99.73109119999674;95.18453119999816;99.73109119999674;90.63797119999958;95.18453119999816;95.18453119999816;99.73109119999674;95.18453119999816;99.73109119999674;95.18453119999816;99.73109119999674;99.73109119999674;99.73109119999674;99.73109119999674;99.73109119999674;99.73109119999674;95.18453119999816;98.36712319999717;99.73109119999674;99.73109119999674;
24.000000000000465;19160.0;99.73109119999674;99.73109119999674;95.18453119999816;99.73109119999674;90.63797119999958;95.18453119999816;95.18453119999816;99.73109119999674;95.18453119999816;99.73109119999674;95.18453119999816;99.73109119999674;99.73109119999674;99.73109119999674;99.73109119999674;99.73109119999674;99.73109119999674;95.18453119999816;98.36712319999717;99.73109119999674;99.73109119999674;
25.03055066666713;19160.0;99.73109119999674;99.73109119999674;95.18453119999816;99.73109119999674;90.63797119999958;95.18453119999816;95.18453119999816;99.73109119999674;95.18453119999816;99.73109119999674;95.18453119999816;99.73109119999674;99.73109119999674;99.73109119999674;99.73109119999674;99.73109119999674;99.73109119999674;95.18453119999816;98.36712319999717;99.73109119999674;99.73109119999674;
26.030550666667143;19160.0;99.73109119999674;99.73109119999674;95.18453119999816;99.73109119999674;90.63797119999958;95.18453119999816;95.18453119999816;99.73109119999674;95.18453119999816;99.73109119999674;95.18453119999816;99.73109119999674;99.73109119999674;99.73109119999674;99.73109119999674;99.73109119999674;99.73109119999674;95.18453119999816;98.36712319999717;99.73109119999674;99.73109119999674;
27.030550666667157;19160.0;99.73109119999674;99.73109119999674;95.18453119999816;99.73109119999674;90.63797119999958;95.18453119999816;95.18453119999816;99.73109119999674;95.18453119999816;99.73109119999674;95.18453119999816;99.73109119999674;99.73109119999674;99.73109119999674;99.73109119999674;99.73109119999674;99.73109119999674;95.18453119999816;98.36712319999717;99.73109119999674;99.73109119999674;
28.03055066666717;19160.0;99.73109119999674;99.73109119999674;95.18453119999816;99.73109119999674;90.63797119999958;95.18453119999816;95.18453119999816;99.73109119999674;95.18453119999816;99.73109119999674;95.18453119999816;99.73109119999674;99.73109119999674;99.73109119999674;99.73109119999674;99.73109119999674;99.73109119999674;95.18453119999816;98.36712319999717;99.73109119999674;99.73109119999674;
29.030550666667185;19160.0;99.73109119999674;99.73109119999674;95.18453119999816;99.73109119999674;90.63797119999958;95.18453119999816;95.18453119999816;99.73109119999674;95.18453119999816;99.73109119999674;95.18453119999816;99.73109119999674;99.73109119999674;99.73109119999674;99.73109119999674;99.73109119999674;99.73109119999674;95.18453119999816;98.36712319999717;99.73109119999674;99.73109119999674;
30.000000000000554;19160.0;99.73109119999674;99.73109119999674;95.18453119999816;99.73109119999674;90.63797119999958;95.18453119999816;95.18453119999816;99.73109119999674;95.18453119999816;99.73109119999674;95.18453119999816;99.73109119999674;99.73109119999674;99.73109119999674;99.73109119999674;99.73109119999674;99.73109119999674;95.18453119999816;98.36712319999717;99.73109119999674;99.73109119999674;
31.03055066666721;19160.0;99.73109119999674;99.73109119999674;95.18453119999816;99.73109119999674;90.63797119999958;95.18453119999816;95.18453119999816;99.73109119999674;95.18453119999816;99.73109119999674;95.18453119999816;99.73109119999674;99.73109119999674;99.73109119999674;99.73109119999674;99.73109119999674;99.73109119999674;95.18453119999816;98.36712319999717;99.73109119999674;99.73109119999674;
32.030550666667224;19160.0;99.73109119999674;99.73109119999674;95.18453119999816;99.73109119999674;90.63797119999958;95.18453119999816;95.18453119999816;99.73109119999674;95.18453119999816;99.73109119999674;95.18453119999816;99.73109119999674;99.73109119999674;99.73109119999674;99.73109119999674;99.73109119999674;99.73109119999674;95.18453119999816;98.36712319999717;99.73109119999674;99.73109119999674;
33.03055066666724;19160.0;99.73109119999674;99.73109119999674;95.18453119999816;99.73109119999674;90.63797119999958;95.18453119999816;95.18453119999816;99.73109119999674;95.18453119999816;99.73109119999674;95.18453119999816;99.73109119999674;99.73109119999674;99.73109119999674;99.73109119999674;99.73109119999674;99.73109119999674;95.18453119999816;98.36712319999717;99.73109119999674;99.73109119999674;
34.03055066666725;19160.0;99.73109119999674;99.73109119999674;95.18453119999816;99.73109119999674;90.63797119999958;95.18453119999816;95.18453119999816;99.73109119999674;95.18453119999816;99.73109119999674;95.18453119999816;99.73109119999674;99.73109119999674;99.73109119999674;99.73109119999674;99.73109119999674;99.73109119999674;95.18453119999816;98.36712319999717;99.73109119999674;99.73109119999674;
35.03055066666727;19160.0;99.73109119999674;99.73109119999674;95.18453119999816;99.73109119999674;90.63797119999958;95.18453119999816;95.18453119999816;99.73109119999674;95.18453119999816;99.73109119999674;95.18453119999816;99.73109119999674;99.73109119999674;99.73109119999674;99.73109119999674;99.73109119999674;99.73109119999674;95.18453119999816;98.36712319999717;99.73109119999674;99.73109119999674;
36.00000000000064;19160.0;99.73109119999674;99.73109119999674;95.18453119999816;99.73109119999674;90.63797119999958;95.18453119999816;95.18453119999816;99.73109119999674;95.18453119999816;99.73109119999674;95.18453119999816;99.73109119999674;99.73109119999674;99.73109119999674;99.73109119999674;99.73109119999674;99.73109119999674;95.18453119999816;98.36712319999717;99.73109119999674;99.73109119999674;
37.030550666667295;19160.0;99.73109119999674;99.73109119999674;95.18453119999816;99.73109119999674;90.63797119999958;95.18453119999816;95.18453119999816;99.73109119999674;95.18453119999816;99.73109119999674;95.18453119999816;99.73109119999674;99.73109119999674;99.73109119999674;99.73109119999674;99.73109119999674;99.73109119999674;95.18453119999816;98.36712319999717;99.73109119999674;99.73109119999674;
38.03055066666731;19160.0;99.73109119999674;99.73109119999674;95.18453119999816;99.73109119999674;90.63797119999958;95.18453119999816;95.18453119999816;99.73109119999674;95.18453119999816;99.73109119999674;95.18453119999816;99.73109119999674;99.73109119999674;99.73109119999674;99.73109119999674;99.73109119999674;99.73109119999674;95.18453119999816;98.36712319999717;99.73109119999674;99.73109119999674;
39.030550666667324;19160.0;99.73109119999674;99.73109119999674;95.18453119999816;99.73109119999674;90.63797119999958;95.18453119999816;95.18453119999816;99.73109119999674;95.18453119999816;99.73109119999674;95.18453119999816;99.73109119999674;99.73109119999674;99.73109119999674;99.73109119999674;99.73109119999674;99.73109119999674;95.18453119999816;98.36712319999717;99.73109119999674;99.73109119999674;
40.03055066666734;19160.0;99.73109119999674;99.73109119999674;95.18453119999816;99.73109119999674;90.63797119999958;95.18453119999816;95.18453119999816;99.73109119999674;95.18453119999816;99.73109119999674;95.18453119999816;99.73109119999674;99.73109119999674;99.73109119999674;99.73109119999674;99.73109119999674;99.73109119999674;95.18453119999816;98.36712319999717;99.73109119999674;99.73109119999674;
41.03055066666735;19160.0;99.73109119999674;99.73109119999674;95.18453119999816;99.73109119999674;90.63797119999958;95.18453119999816;95.18453119999816;99.73109119999674;95.18453119999816;99.73109119999674;95.18453119999816;99.73109119999674;99.73109119999674;99.73109119999674;99.73109119999674;99.73109119999674;99.73109119999674;95.18453119999816;98.36712319999717;99.73109119999674;99.73109119999674;
42.00000000000073;19160.0;99.73109119999674;99.73109119999674;95.18453119999816;99.73109119999674;90.63797119999958;95.18453119999816;95.18453119999816;99.73109119999674;95.18453119999816;99.73109119999674;95.18453119999816;99.73109119999674;99.73109119999674;99.73109119999674;99.73109119999674;99.73109119999674;99.73109119999674;95.18453119999816;98.36712319999717;99.73109119999674;99.73109119999674;
43.03055066666738;19160.0;99.73109119999674;99.73109119999674;95.18453119999816;99.73109119999674;90.63797119999958;95.18453119999816;95.18453119999816;99.73109119999674;95.18453119999816;99.73109119999674;95.18453119999816;99.73109119999674;99.73109119999674;99.73109119999674;99.73109119999674;99.73109119999674;99.73109119999674;95.18453119999816;98.36712319999717;99.73109119999674;99.73109119999674;
44.030550666667395;19160.0;99.73109119999674;99.73109119999674;95.18453119999816;99.73109119999674;90.63797119999958;95.18453119999816;95.18453119999816;99.73109119999674;95.18453119999816;99.73109119999674;95.18453119999816;99.73109119999674;99.73109119999674;99.73109119999674;99.73109119999674;99.73109119999674;99.73109119999674;95.18453119999816;98.36712319999717;99.73109119999674;99.73109119999674;
45.03055066666741;19160.0;99.73109119999674;99.73109119999674;95.18453119999816;99.73109119999674;90.63797119999958;95.18453119999816;95.18453119999816;99.73109119999674;95.18453119999816;99.73109119999674;95.18453119999816;99.73109119999674;99.73109119999674;99.73109119999674;99.73109119999674;99.73109119999674;99.73109119999674;95.18453119999816;98.36712319999717;99.73109119999674;99.73109119999674;
46.03055066666742;19160.0;99.73109119999674;99.73109119999674;95.18453119999816;99.73109119999674;90.63797119999958;95.18453119999816;95.18453119999816;99.73109119999674;95.18453119999816;99.73109119999674;95.18453119999816;99.73109119999674;99.73109119999674;99.73109119999674;99.73109119999674;99.73109119999674;99.73109119999674;95.18453119999816;98.36712319999717;99.73109119999674;99.73109119999674;
47.03055066666744;19160.0;99.73109119999674;99.73109119999674;95.18453119999816;99.73109119999674;90.63797119999958;95.18453119999816;95.18453119999816;99.73109119999674;95.18453119999816;99.73109119999674;95.18453119999816;99.73109119999674;99.73109119999674;99.73109119999674;99.73109119999674;99.73109119999674;99.73109119999674;95.18453119999816;98.36712319999717;99.73109119999674;99.73109119999674;
48.000000000000824;19160.0;99.73109119999674;99.73109119999674;95.18453119999816;99.73109119999674;90.63797119999958;95.18453119999816;95.18453119999816;99.73109119999674;95.18453119999816;99.73109119999674;95.18453119999816;99.73109119999674;99.73109119999674;99.73109119999674;99.73109119999674;99.73109119999674;99.73109119999674;95.18453119999816;98.36712319999717;99.73109119999674;99.73109119999674;
49.030550666667466;19160.0;99.73109119999674;99.73109119999674;95.18453119999816;99.73109119999674;90.63797119999958;95.18453119999816;95.18453119999816;99.73109119999674;95.18453119999816;99.73109119999674;95.18453119999816;99.73109119999674;99.73109119999674;99.73109119999674;99.73109119999674;99.73109119999674;99.73109119999674;95.18453119999816;98.36712319999717;99.73109119999674;99.73109119999674;
50.03055066666748;19160.0;99.73109119999674;99.73109119999674;95.18453119999816;99.73109119999674;90.63797119999958;95.18453119999816;95.18453119999816;99.73109119999674;95.18453119999816;99.73109119999674;95.18453119999816;99.73109119999674;99.73109119999674;99.73109119999674;99.73109119999674;99.73109119999674;99.73109119999674;95.18453119999816;98.36712319999717;99.73109119999674;99.73109119999674;
51.030550666667494;19160.0;99.73109119999674;99.73109119999674;95.18453119999816;99.73109119999674;90.63797119999958;95.18453119999816;95.18453119999816;99.73109119999674;95.18453119999816;99.73109119999674;95.18453119999816;99.73109119999674;99.73109119999674;99.73109119999674;99.73109119999674;99.73109119999674;99.73109119999674;95.18453119999816;98.36712319999717;99.73109119999674;99.73109119999674;
52.03055066666751;19160.0;99.73109119999674;99.73109119999674;95.18453119999816;99.73109119999674;90.63797119999958;95.18453119999816;95.18453119999816;99.73109119999674;95.18453119999816;99.73109119999674;95.18453119999816;99.73109119999674;99.73109119999674;99.73109119999674;99.73109119999674;99.73109119999674;99.73109119999674;95.18453119999816;98.36712319999717;99.73109119999674;99.73109119999674;
53.03055066666752;19160.0;99.73109119999674;99.73109119999674;95.18453119999816;99.73109119999674;90.63797119999958;95.18453119999816;95.18453119999816;99.73109119999674;95.18453119999816;99.73109119999674;95.18453119999816;99.73109119999674;99.73109119999674;99.73109119999674;99.73109119999674;99.73109119999674;99.73109119999674;95.18453119999816;98.36712319999717;99.73109119999674;99.73109119999674;
54.00000000000091;19160.0;99.73109119999674;99.73109119999674;95.18453119999816;99.73109119999674;90.63797119999958;95.18453119999816;95.18453119999816;99.73109119999674;95.18453119999816;99.73109119999674;95.18453119999816;99.73109119999674;99.73109119999674;99.73109119999674;99.73109119999674;99.73109119999674;99.73109119999674;95.18453119999816;98.36712319999717;99.73109119999674;99.73109119999674;
55.03055066666755;19160.0;99.73109119999674;99.73109119999674;95.18453119999816;99.73109119999674;90.63797119999958;95.18453119999816;95.18453119999816;99.73109119999674;95.18453119999816;99.73109119999674;95.18453119999816;99.73109119999674;99.73109119999674;99.73109119999674;99.73109119999674;99.73109119999674;99.73109119999674;95.18453119999816;98.36712319999717;99.73109119999674;99.73109119999674;
56.030550666667565;19160.0;99.73109119999674;99.73109119999674;95.18453119999816;99.73109119999674;90.63797119999958;95.18453119999816;95.18453119999816;99.73109119999674;95.18453119999816;99.73109119999674;95.18453119999816;99.73109119999674;99.73109119999674;99.73109119999674;99.73109119999674;99.73109119999674;99.73109119999674;95.18453119999816;98.36712319999717;99.73109119999674;99.73109119999674;
57.03055066666758;19160.0;99.73109119999674;99.73109119999674;95.18453119999816;99.73109119999674;90.63797119999958;95.18453119999816;95.18453119999816;99.73109119999674;95.18453119999816;99.73109119999674;95.18453119999816;99.73109119999674;99.73109119999674;99.73109119999674;99.73109119999674;99.73109119999674;99.73109119999674;95.18453119999816;98.36712319999717;99.73109119999674;99.73109119999674;
58.030550666667594;19160.0;99.73109119999674;99.73109119999674;95.18453119999816;99.73109119999674;90.63797119999958;95.18453119999816;95.18453119999816;99.73109119999674;95.18453119999816;99.73109119999674;95.18453119999816;99.73109119999674;99.73109119999674;99.73109119999674;99.73109119999674;99.73109119999674;99.73109119999674;95.18453119999816;98.36712319999717;99.73109119999674;99.73109119999674;
59.03055066666761;19160.0;99.73109119999674;99.73109119999674;95.18453119999816;99.73109119999674;90.63797119999958;95.18453119999816;95.18453119999816;99.73109119999674;95.18453119999816;99.73109119999674;95.18453119999816;99.73109119999674;99.73109119999674;99.73109119999674;99.73109119999674;99.73109119999674;99.73109119999674;95.18453119999816;98.36712319999717;99.73109119999674;99.73109119999674;
60.000000000001;19160.0;99.73109119999674;99.73109119999674;95.18453119999816;99.73109119999674;90.63797119999958;95.18453119999816;95.18453119999816;99.73109119999674;95.18453119999816;99.73109119999674;95.18453119999816;99.73109119999674;99.73109119999674;99.73109119999674;99.73109119999674;99.73109119999674;99.73109119999674;95.18453119999816;98.36712319999717;99.73109119999674;99.73109119999674;
61.03055066666764;19160.0;99.73109119999674;99.73109119999674;95.18453119999816;99.73109119999674;90.63797119999958;95.18453119999816;95.18453119999816;99.73109119999674;95.18453119999816;99.73109119999674;95.18453119999816;99.73109119999674;99.73109119999674;99.73109119999674;99.73109119999674;99.73109119999674;99.73109119999674;95.18453119999816;98.36712319999717;99.73109119999674;99.73109119999674;
62.03055066666765;19160.0;99.73109119999674;99.73109119999674;95.18453119999816;99.73109119999674;90.63797119999958;95.18453119999816;95.18453119999816;99.73109119999674;95.18453119999816;99.73109119999674;95.18453119999816;99.73109119999674;99.73109119999674;99.73109119999674;99.73109119999674;99.73109119999674;99.73109119999674;95.18453119999816;98.36712319999717;99.73109119999674;99.73109119999674;
63.030550666667665;19160.0;99.73109119999674;99.73109119999674;95.18453119999816;99.73109119999674;90.63797119999958;95.18453119999816;95.18453119999816;99.73109119999674;95.18453119999816;99.73109119999674;95.18453119999816;99.73109119999674;99.73109119999674;99.73109119999674;99.73109119999674;99.73109119999674;99.73109119999674;95.18453119999816;98.36712319999717;99.73109119999674;99.73109119999674;
64.03055066666768;19160.0;99.73109119999674;99.73109119999674;95.18453119999816;99.73109119999674;90.63797119999958;95.18453119999816;95.18453119999816;99.73109119999674;95.18453119999816;99.73109119999674;95.18453119999816;99.73109119999674;99.73109119999674;99.73109119999674;99.73109119999674;99.73109119999674;99.73109119999674;95.18453119999816;98.36712319999717;99.73109119999674;99.73109119999674;
65.03055066666762;19160.0;99.73109119999674;99.73109119999674;95.18453119999816;99.73109119999674;90.63797119999958;95.18453119999816;95.18453119999816;99.73109119999674;95.18453119999816;99.73109119999674;95.18453119999816;99.73109119999674;99.73109119999674;99.73109119999674;99.73109119999674;99.73109119999674;99.73109119999674;95.18453119999816;98.36712319999717;99.73109119999674;99.73109119999674;
66.00000000000095;19160.0;99.73109119999674;99.73109119999674;95.18453119999816;99.73109119999674;90.63797119999958;95.18453119999816;95.18453119999816;99.73109119999674;95.18453119999816;99.73109119999674;95.18453119999816;99.73109119999674;99.73109119999674;99.73109119999674;99.73109119999674;99.73109119999674;99.73109119999674;95.18453119999816;98.36712319999717;99.73109119999674;99.73109119999674;
67.03055066666751;19160.0;99.73109119999674;99.73109119999674;95.18453119999816;99.73109119999674;90.63797119999958;95.18453119999816;95.18453119999816;99.73109119999674;95.18453119999816;99.73109119999674;95.18453119999816;99.73109119999674;99.73109119999674;99.73109119999674;99.73109119999674;99.73109119999674;99.73109119999674;95.18453119999816;98.36712319999717;99.73109119999674;99.73109119999674;
68.03055066666745;19160.0;99.73109119999674;99.73109119999674;95.18453119999816;99.73109119999674;90.63797119999958;95.18453119999816;95.18453119999816;99.73109119999674;95.18453119999816;99.73109119999674;95.18453119999816;99.73109119999674;99.73109119999674;99.73109119999674;99.73109119999674;99.73109119999674;99.73109119999674;95.18453119999816;98.36712319999717;99.73109119999674;99.73109119999674;
69.0305506666674;19160.0;99.73109119999674;99.73109119999674;95.18453119999816;99.73109119999674;90.63797119999958;95.18453119999816;95.18453119999816;99.73109119999674;95.18453119999816;99.73109119999674;95.18453119999816;99.73109119999674;99.73109119999674;99.73109119999674;99.73109119999674;99.73109119999674;99.73109119999674;95.18453119999816;98.36712319999717;99.73109119999674;99.73109119999674;
70.03055066666734;19160.0;99.73109119999674;99.73109119999674;95.18453119999816;99.73109119999674;90.63797119999958;95.18453119999816;95.18453119999816;99.73109119999674;95.18453119999816;99.73109119999674;95.18453119999816;99.73109119999674;99.73109119999674;99.73109119999674;99.73109119999674;99.73109119999674;99.73109119999674;95.18453119999816;98.36712319999717;99.73109119999674;99.73109119999674;
71.03055066666728;19160.0;99.73109119999674;99.73109119999674;95.18453119999816;99.73109119999674;90.63797119999958;95.18453119999816;95.18453119999816;99.73109119999674;95.18453119999816;99.73109119999674;95.18453119999816;99.73109119999674;99.73109119999674;99.73109119999674;99.73109119999674;99.73109119999674;99.73109119999674;95.18453119999816;98.36712319999717;99.73109119999674;99.73109119999674;
72.00000000000063;19160.0;99.73109119999674;99.73109119999674;95.18453119999816;99.73109119999674;90.63797119999958;95.18453119999816;95.18453119999816;99.73109119999674;95.18453119999816;99.73109119999674;95.18453119999816;99.73109119999674;99.73109119999674;99.73109119999674;99.73109119999674;99.73109119999674;99.73109119999674;95.18453119999816;98.36712319999717;99.73109119999674;99.73109119999674;
73.03055066666718;19160.0;99.73109119999674;99.73109119999674;95.18453119999816;99.73109119999674;90.63797119999958;95.18453119999816;95.18453119999816;99.73109119999674;95.18453119999816;99.73109119999674;95.18453119999816;99.73109119999674;99.73109119999674;99.73109119999674;99.73109119999674;99.73109119999674;99.73109119999674;95.18453119999816;98.36712319999717;99.73109119999674;99.73109119999674;
74.03055066666712;19160.0;99.73109119999674;99.73109119999674;95.18453119999816;99.73109119999674;90.63797119999958;95.18453119999816;95.18453119999816;99.73109119999674;95.18453119999816;99.73109119999674;95.18453119999816;99.73109119999674;99.73109119999674;99.73109119999674;99.73109119999674;99.73109119999674;99.73109119999674;95.18453119999816;98.36712319999717;99.73109119999674;99.73109119999674;
75.03055066666707;19160.0;99.73109119999674;99.73109119999674;95.18453119999816;99.73109119999674;90.63797119999958;95.18453119999816;95.18453119999816;99.73109119999674;95.18453119999816;99.73109119999674;95.18453119999816;99.73109119999674;99.73109119999674;99.73109119999674;99.73109119999674;99.73109119999674;99.73109119999674;95.18453119999816;98.36712319999717;99.73109119999674;99.73109119999674;
76.03055066666701;19160.0;99.73109119999674;99.73109119999674;95.18453119999816;99.73109119999674;90.63797119999958;95.18453119999816;95.18453119999816;99.73109119999674;95.18453119999816;99.73109119999674;95.18453119999816;99.73109119999674;99.73109119999674;99.73109119999674;99.73109119999674;99.73109119999674;99.73109119999674;95.18453119999816;98.36712319999717;99.73109119999674;99.73109119999674;
77.03055066666695;19160.0;99.73109119999674;99.73109119999674;95.18453119999816;99.73109119999674;90.63797119999958;95.18453119999816;95.18453119999816;99.73109119999674;95.18453119999816;99.73109119999674;95.18453119999816;99.73109119999674;99.73109119999674;99.73109119999674;99.73109119999674;99.73109119999674;99.73109119999674;95.18453119999816;98.36712319999717;99.73109119999674;99.73109119999674;
78.0000000000003;19160.0;99.73109119999674;99.73109119999674;95.18453119999816;99.73109119999674;90.63797119999958;95.18453119999816;95.18453119999816;99.73109119999674;95.18453119999816;99.73109119999674;95.18453119999816;99.73109119999674;99.73109119999674;99.73109119999674;99.73109119999674;99.73109119999674;99.73109119999674;95.18453119999816;98.36712319999717;99.73109119999674;99.73109119999674;
79.03055066666685;19160.0;99.73109119999674;99.73109119999674;95.18453119999816;99.73109119999674;90.63797119999958;95.18453119999816;95.18453119999816;99.73109119999674;95.18453119999816;99.73109119999674;95.18453119999816;99.73109119999674;99.73109119999674;99.73109119999674;99.73109119999674;99.73109119999674;99.73109119999674;95.18453119999816;98.36712319999717;99.73109119999674;99.73109119999674;
80.0305506666668;19160.0;99.73109119999674;99.73109119999674;95.18453119999816;99.73109119999674;90.63797119999958;95.18453119999816;95.18453119999816;99.73109119999674;95.18453119999816;99.73109119999674;95.18453119999816;99.73109119999674;99.73109119999674;99.73109119999674;99.73109119999674;99.73109119999674;99.73109119999674;95.18453119999816;98.36712319999717;99.73109119999674;99.73109119999674;
81.03055066666674;19160.0;99.73109119999674;99.73109119999674;95.18453119999816;99.73109119999674;90.63797119999958;95.18453119999816;95.18453119999816;99.73109119999674;95.18453119999816;99.73109119999674;95.18453119999816;99.73109119999674;99.73109119999674;99.73109119999674;99.73109119999674;99.73109119999674;99.73109119999674;95.18453119999816;98.36712319999717;99.73109119999674;99.73109119999674;
82.03055066666668;19160.0;99.73109119999674;99.73109119999674;95.18453119999816;99.73109119999674;90.63797119999958;95.18453119999816;95.18453119999816;99.73109119999674;95.18453119999816;99.73109119999674;95.18453119999816;99.73109119999674;99.73109119999674;99.73109119999674;99.73109119999674;99.73109119999674;99.73109119999674;95.18453119999816;98.36712319999717;99.73109119999674;99.73109119999674;
83.03055066666663;19160.0;99.73109119999674;99.73109119999674;95.18453119999816;99.73109119999674;90.63797119999958;95.18453119999816;95.18453119999816;99.73109119999674;95.18453119999816;99.73109119999674;95.18453119999816;99.73109119999674;99.73109119999674;99.73109119999674;99.73109119999674;99.73109119999674;99.73109119999674;95.18453119999816;98.36712319999717;99.73109119999674;99.73109119999674;
84.03055066666657;19160.0;99.73109119999674;99.73109119999674;95.18453119999816;99.73109119999674;90.63797119999958;95.18453119999816;95.18453119999816;99.73109119999674;95.18453119999816;99.73109119999674;95.18453119999816;99.73109119999674;99.73109119999674;99.73109119999674;99.73109119999674;99.73109119999674;99.73109119999674;95.18453119999816;98.36712319999717;99.73109119999674;99.73109119999674;
85.03055066666651;19160.0;99.73109119999674;99.73109119999674;95.18453119999816;99.73109119999674;90.63797119999958;95.18453119999816;95.18453119999816;99.73109119999674;95.18453119999816;99.73109119999674;95.18453119999816;99.73109119999674;99.73109119999674;99.73109119999674;99.73109119999674;99.73109119999674;99.73109119999674;95.18453119999816;98.36712319999717;99.73109119999674;99.73109119999674;
86.03055066666646;19160.0;99.73109119999674;99.73109119999674;95.18453119999816;99.73109119999674;90.63797119999958;95.18453119999816;95.18453119999816;99.73109119999674;95.18453119999816;99.73109119999674;95.18453119999816;99.73109119999674;99.73109119999674;99.73109119999674;99.73109119999674;99.73109119999674;99.73109119999674;95.18453119999816;98.36712319999717;99.73109119999674;99.73109119999674;
87.0305506666664;19160.0;99.73109119999674;99.73109119999674;95.18453119999816;99.73109119999674;90.63797119999958;95.18453119999816;95.18453119999816;99.73109119999674;95.18453119999816;99.73109119999674;95.18453119999816;99.73109119999674;99.73109119999674;99.73109119999674;99.73109119999674;99.73109119999674;99.73109119999674;95.18453119999816;98.36712319999717;99.73109119999674;99.73109119999674;
88.03055066666634;19160.0;99.73109119999674;99.73109119999674;95.18453119999816;99.73109119999674;90.63797119999958;95.18453119999816;95.18453119999816;99.73109119999674;95.18453119999816;99.73109119999674;95.18453119999816;99.73109119999674;99.73109119999674;99.73109119999674;99.73109119999674;99.73109119999674;99.73109119999674;95.18453119999816;98.36712319999717;99.73109119999674;99.73109119999674;
89.03055066666629;19160.0;99.73109119999674;99.73109119999674;95.18453119999816;99.73109119999674;90.63797119999958;95.18453119999816;95.18453119999816;99.73109119999674;95.18453119999816;99.73109119999674;95.18453119999816;99.73109119999674;99.73109119999674;99.73109119999674;99.73109119999674;99.73109119999674;99.73109119999674;95.18453119999816;98.36712319999717;99.73109119999674;99.73109119999674;
90.03055066666623;19160.0;99.73109119999674;99.73109119999674;95.18453119999816;99.73109119999674;90.63797119999958;95.18453119999816;95.18453119999816;99.73109119999674;95.18453119999816;99.73109119999674;95.18453119999816;99.73109119999674;99.73109119999674;99.73109119999674;99.73109119999674;99.73109119999674;99.73109119999674;95.18453119999816;98.36712319999717;99.73109119999674;99.73109119999674;
91.03055066666617;19160.0;99.73109119999674;99.73109119999674;95.18453119999816;99.73109119999674;90.63797119999958;95.18453119999816;95.18453119999816;99.73109119999674;95.18453119999816;99.73109119999674;95.18453119999816;99.73109119999674;99.73109119999674;99.73109119999674;99.73109119999674;99.73109119999674;99.73109119999674;95.18453119999816;98.36712319999717;99.73109119999674;99.73109119999674;
92.03055066666612;19160.0;99.73109119999674;99.73109119999674;95.18453119999816;99.73109119999674;90.63797119999958;95.18453119999816;95.18453119999816;99.73109119999674;95.18453119999816;99.73109119999674;95.18453119999816;99.73109119999674;99.73109119999674;99.73109119999674;99.73109119999674;99.73109119999674;99.73109119999674;95.18453119999816;98.36712319999717;99.73109119999674;99.73109119999674;
93.03055066666606;19160.0;99.73109119999674;99.73109119999674;95.18453119999816;99.73109119999674;90.63797119999958;95.18453119999816;95.18453119999816;99.73109119999674;95.18453119999816;99.73109119999674;95.18453119999816;99.73109119999674;99.73109119999674;99.73109119999674;99.73109119999674;99.73109119999674;99.73109119999674;95.18453119999816;98.36712319999717;99.73109119999674;99.73109119999674;
94.030550666666;19160.0;99.73109119999674;99.73109119999674;95.18453119999816;99.73109119999674;90.63797119999958;95.18453119999816;95.18453119999816;99.73109119999674;95.18453119999816;99.73109119999674;95.18453119999816;99.73109119999674;99.73109119999674;99.73109119999674;99.73109119999674;99.73109119999674;99.73109119999674;95.18453119999816;98.36712319999717;99.73109119999674;99.73109119999674;
95.03055066666595;19160.0;99.73109119999674;99.73109119999674;95.18453119999816;99.73109119999674;90.63797119999958;95.18453119999816;95.18453119999816;99.73109119999674;95.18453119999816;99.73109119999674;95.18453119999816;99.73109119999674;99.73109119999674;99.73109119999674;99.73109119999674;99.73109119999674;99.73109119999674;95.18453119999816;98.36712319999717;99.73109119999674;99.73109119999674;
96.0305506666659;19160.0;99.73109119999674;99.73109119999674;95.18453119999816;99.73109119999674;90.63797119999958;95.18453119999816;95.18453119999816;99.73109119999674;95.18453119999816;99.73109119999674;95.18453119999816;99.73109119999674;99.73109119999674;99.73109119999674;99.73109119999674;99.73109119999674;99.73109119999674;95.18453119999816;98.36712319999717;99.73109119999674;99.73109119999674;
97.03055066666585;19160.0;99.73109119999674;99.73109119999674;95.18453119999816;99.73109119999674;90.63797119999958;95.18453119999816;95.18453119999816;99.73109119999674;95.18453119999816;99.73109119999674;95.18453119999816;99.73109119999674;99.73109119999674;99.73109119999674;99.73109119999674;99.73109119999674;99.73109119999674;95.18453119999816;98.36712319999717;99.73109119999674;99.73109119999674;
98.03055066666579;19160.0;99.73109119999674;99.73109119999674;95.18453119999816;99.73109119999674;90.63797119999958;95.18453119999816;95.18453119999816;99.73109119999674;95.18453119999816;99.73109119999674;95.18453119999816;99.73109119999674;99.73109119999674;99.73109119999674;99.73109119999674;99.73109119999674;99.73109119999674;95.18453119999816;98.36712319999717;99.73109119999674;99.73109119999674;
99.03055066666573;19160.0;99.73109119999674;99.73109119999674;95.18453119999816;99.73109119999674;90.63797119999958;95.18453119999816;95.18453119999816;99.73109119999674;95.18453119999816;99.73109119999674;95.18453119999816;99.73109119999674;99.73109119999674;99.73109119999674;99.73109119999674;99.73109119999674;99.73109119999674;95.18453119999816;98.36712319999717;99.73109119999674;99.73109119999674;
100.03055066666568;19160.0;99.73109119999674;99.73109119999674;95.18453119999816;99.73109119999674;90.63797119999958;95.18453119999816;95.18453119999816;99.73109119999674;95.18453119999816;99.73109119999674;95.18453119999816;99.73109119999674;99.73109119999674;99.73109119999674;99.73109119999674;99.73109119999674;99.73109119999674;95.18453119999816;98.36712319999717;99.73109119999674;99.73109119999674;
101.03055066666562;19160.0;99.73109119999674;99.73109119999674;95.18453119999816;99.73109119999674;90.63797119999958;95.18453119999816;95.18453119999816;99.73109119999674;95.18453119999816;99.73109119999674;95.18453119999816;99.73109119999674;99.73109119999674;99.73109119999674;99.73109119999674;99.73109119999674;99.73109119999674;95.18453119999816;98.36712319999717;99.73109119999674;99.73109119999674;
102.03055066666556;19160.0;99.73109119999674;99.73109119999674;95.18453119999816;99.73109119999674;90.63797119999958;95.18453119999816;95.18453119999816;99.73109119999674;95.18453119999816;99.73109119999674;95.18453119999816;99.73109119999674;99.73109119999674;99.73109119999674;99.73109119999674;99.73109119999674;99.73109119999674;95.18453119999816;98.36712319999717;99.73109119999674;99.73109119999674;
103.0305506666655;19160.0;99.73109119999674;99.73109119999674;95.18453119999816;99.73109119999674;90.63797119999958;95.18453119999816;95.18453119999816;99.73109119999674;95.18453119999816;99.73109119999674;95.18453119999816;99.73109119999674;99.73109119999674;99.73109119999674;99.73109119999674;99.73109119999674;99.73109119999674;95.18453119999816;98.36712319999717;99.73109119999674;99.73109119999674;
104.03055066666545;19160.0;99.73109119999674;99.73109119999674;95.18453119999816;99.73109119999674;90.63797119999958;95.18453119999816;95.18453119999816;99.73109119999674;95.18453119999816;99.73109119999674;95.18453119999816;99.73109119999674;99.73109119999674;99.73109119999674;99.73109119999674;99.73109119999674;99.73109119999674;95.18453119999816;98.36712319999717;99.73109119999674;99.73109119999674;
105.03055066666539;19160.0;99.73109119999674;99.73109119999674;95.18453119999816;99.73109119999674;90.63797119999958;95.18453119999816;95.18453119999816;99.73109119999674;95.18453119999816;99.73109119999674;95.18453119999816;99.73109119999674;99.73109119999674;99.73109119999674;99.73109119999674;99.73109119999674;99.73109119999674;95.18453119999816;98.36712319999717;99.73109119999674;99.73109119999674;
106.03055066666533;19160.0;99.73109119999674;99.73109119999674;95.18453119999816;99.73109119999674;90.63797119999958;95.18453119999816;95.18453119999816;99.73109119999674;95.18453119999816;99.73109119999674;95.18453119999816;99.73109119999674;99.73109119999674;99.73109119999674;99.73109119999674;99.73109119999674;99.73109119999674;95.18453119999816;98.36712319999717;99.73109119999674;99.73109119999674;
107.03055066666528;19160.0;99.73109119999674;99.73109119999674;95.18453119999816;99.73109119999674;90.63797119999958;95.18453119999816;95.18453119999816;99.73109119999674;95.18453119999816;99.73109119999674;95.18453119999816;99.73109119999674;99.73109119999674;99.73109119999674;99.73109119999674;99.73109119999674;99.73109119999674;95.18453119999816;98.36712319999717;99.73109119999674;99.73109119999674;
108.03055066666522;19160.0;99.73109119999674;99.73109119999674;95.18453119999816;99.73109119999674;90.63797119999958;95.18453119999816;95.18453119999816;99.73109119999674;95.18453119999816;99.73109119999674;95.18453119999816;99.73109119999674;99.73109119999674;99.73109119999674;99.73109119999674;99.73109119999674;99.73109119999674;95.18453119999816;98.36712319999717;99.73109119999674;99.73109119999674;
109.03055066666516;19160.0;99.73109119999674;99.73109119999674;95.18453119999816;99.73109119999674;90.63797119999958;95.18453119999816;95.18453119999816;99.73109119999674;95.18453119999816;99.73109119999674;95.18453119999816;99.73109119999674;99.73109119999674;99.73109119999674;99.73109119999674;99.73109119999674;99.73109119999674;95.18453119999816;98.36712319999717;99.73109119999674;99.73109119999674;
110.0305506666651;19160.0;99.73109119999674;99.73109119999674;95.18453119999816;99.73109119999674;90.63797119999958;95.18453119999816;95.18453119999816;99.73109119999674;95.18453119999816;99.73109119999674;95.18453119999816;99.73109119999674;99.73109119999674;99.73109119999674;99.73109119999674;99.73109119999674;99.73109119999674;95.18453119999816;98.36712319999717;99.73109119999674;99.73109119999674;
111.03055066666505;19160.0;99.73109119999674;99.73109119999674;95.18453119999816;99.73109119999674;90.63797119999958;95.18453119999816;95.18453119999816;99.73109119999674;95.18453119999816;99.73109119999674;95.18453119999816;99.73109119999674;99.73109119999674;99.73109119999674;99.73109119999674;99.73109119999674;99.73109119999674;95.18453119999816;98.36712319999717;99.73109119999674;99.73109119999674;
112.030550666665;19160.0;99.73109119999674;99.73109119999674;95.18453119999816;99.73109119999674;90.63797119999958;95.18453119999816;95.18453119999816;99.73109119999674;95.18453119999816;99.73109119999674;95.18453119999816;99.73109119999674;99.73109119999674;99.73109119999674;99.73109119999674;99.73109119999674;99.73109119999674;95.18453119999816;98.36712319999717;99.73109119999674;99.73109119999674;
113.03055066666494;19160.0;99.73109119999674;99.73109119999674;95.18453119999816;99.73109119999674;90.63797119999958;95.18453119999816;95.18453119999816;99.73109119999674;95.18453119999816;99.73109119999674;95.18453119999816;99.73109119999674;99.73109119999674;99.73109119999674;99.73109119999674;99.73109119999674;99.73109119999674;95.18453119999816;98.36712319999717;99.73109119999674;99.73109119999674;
114.0305506666649;19160.0;99.73109119999674;99.73109119999674;95.18453119999816;99.73109119999674;90.63797119999958;95.18453119999816;95.18453119999816;99.73109119999674;95.18453119999816;99.73109119999674;95.18453119999816;99.73109119999674;99.73109119999674;99.73109119999674;99.73109119999674;99.73109119999674;99.73109119999674;95.18453119999816;98.36712319999717;99.73109119999674;99.73109119999674;
115.03055066666484;19160.0;99.73109119999674;99.73109119999674;95.18453119999816;99.73109119999674;90.63797119999958;95.18453119999816;95.18453119999816;99.73109119999674;95.18453119999816;99.73109119999674;95.18453119999816;99.73109119999674;99.73109119999674;99.73109119999674;99.73109119999674;99.73109119999674;99.73109119999674;95.18453119999816;98.36712319999717;99.73109119999674;99.73109119999674;
116.03055066666478;19160.0;99.73109119999674;99.73109119999674;95.18453119999816;99.73109119999674;90.63797119999958;95.18453119999816;95.18453119999816;99.73109119999674;95.18453119999816;99.73109119999674;95.18453119999816;99.73109119999674;99.73109119999674;99.73109119999674;99.73109119999674;99.73109119999674;99.73109119999674;95.18453119999816;98.36712319999717;99.73109119999674;99.73109119999674;
117.03055066666472;19160.0;99.73109119999674;99.73109119999674;95.18453119999816;99.73109119999674;90.63797119999958;95.18453119999816;95.18453119999816;99.73109119999674;95.18453119999816;99.73109119999674;95.18453119999816;99.73109119999674;99.73109119999674;99.73109119999674;99.73109119999674;99.73109119999674;99.73109119999674;95.18453119999816;98.36712319999717;99.73109119999674;99.73109119999674;
118.03055066666467;19160.0;99.73109119999674;99.73109119999674;95.18453119999816;99.73109119999674;90.63797119999958;95.18453119999816;95.18453119999816;99.73109119999674;95.18453119999816;99.73109119999674;95.18453119999816;99.73109119999674;99.73109119999674;99.73109119999674;99.73109119999674;99.73109119999674;99.73109119999674;95.18453119999816;98.36712319999717;99.73109119999674;99.73109119999674;
119.03055066666461;19160.0;99.73109119999674;99.73109119999674;95.18453119999816;99.73109119999674;90.63797119999958;95.18453119999816;95.18453119999816;99.73109119999674;95.18453119999816;99.73109119999674;95.18453119999816;99.73109119999674;99.73109119999674;99.73109119999674;99.73109119999674;99.73109119999674;99.73109119999674;95.18453119999816;98.36712319999717;99.73109119999674;99.73109119999674;
120.03055066666455;19160.0;99.73109119999674;99.73109119999674;95.18453119999816;99.73109119999674;90.63797119999958;95.18453119999816;95.18453119999816;99.73109119999674;95.18453119999816;99.73109119999674;95.18453119999816;99.73109119999674;99.73109119999674;99.73109119999674;99.73109119999674;99.73109119999674;99.73109119999674;95.18453119999816;98.36712319999717;99.73109119999674;99.73109119999674;
121.0305506666645;19160.0;99.73109119999674;99.73109119999674;95.18453119999816;99.73109119999674;90.63797119999958;95.18453119999816;95.18453119999816;99.73109119999674;95.18453119999816;99.73109119999674;95.18453119999816;99.73109119999674;99.73109119999674;99.73109119999674;99.73109119999674;99.73109119999674;99.73109119999674;95.18453119999816;98.36712319999717;99.73109119999674;99.73109119999674;
122.03055066666444;19160.0;99.73109119999674;99.73109119999674;95.18453119999816;99.73109119999674;90.63797119999958;95.18453119999816;95.18453119999816;99.73109119999674;95.18453119999816;99.73109119999674;95.18453119999816;99.73109119999674;99.73109119999674;99.73109119999674;99.73109119999674;99.73109119999674;99.73109119999674;95.18453119999816;98.36712319999717;99.73109119999674;99.73109119999674;
123.03055066666438;19160.0;99.73109119999674;99.73109119999674;95.18453119999816;99.73109119999674;90.63797119999958;95.18453119999816;95.18453119999816;99.73109119999674;95.18453119999816;99.73109119999674;95.18453119999816;99.73109119999674;99.73109119999674;99.73109119999674;99.73109119999674;99.73109119999674;99.73109119999674;95.18453119999816;98.36712319999717;99.73109119999674;99.73109119999674;
124.03055066666433;19160.0;99.73109119999674;99.73109119999674;95.18453119999816;99.73109119999674;90.63797119999958;95.18453119999816;95.18453119999816;99.73109119999674;95.18453119999816;99.73109119999674;95.18453119999816;99.73109119999674;99.73109119999674;99.73109119999674;99.73109119999674;99.73109119999674;99.73109119999674;95.18453119999816;98.36712319999717;99.73109119999674;99.73109119999674;
125.03055066666427;19160.0;99.73109119999674;99.73109119999674;95.18453119999816;99.73109119999674;90.63797119999958;95.18453119999816;95.18453119999816;99.73109119999674;95.18453119999816;99.73109119999674;95.18453119999816;99.73109119999674;99.73109119999674;99.73109119999674;99.73109119999674;99.73109119999674;99.73109119999674;95.18453119999816;98.36712319999717;99.73109119999674;99.73109119999674;
126.03055066666421;19160.0;99.73109119999674;99.73109119999674;95.18453119999816;99.73109119999674;90.63797119999958;95.18453119999816;95.18453119999816;99.73109119999674;95.18453119999816;99.73109119999674;95.18453119999816;99.73109119999674;99.73109119999674;99.73109119999674;99.73109119999674;99.73109119999674;99.73109119999674;95.18453119999816;98.36712319999717;99.73109119999674;99.73109119999674;
127.03055066666415;19160.0;99.73109119999674;99.73109119999674;95.18453119999816;99.73109119999674;90.63797119999958;95.18453119999816;95.18453119999816;99.73109119999674;95.18453119999816;99.73109119999674;95.18453119999816;99.73109119999674;99.73109119999674;99.73109119999674;99.73109119999674;99.73109119999674;99.73109119999674;95.18453119999816;98.36712319999717;99.73109119999674;99.73109119999674;
128.0305506666641;19160.0;99.73109119999674;99.73109119999674;95.18453119999816;99.73109119999674;90.63797119999958;95.18453119999816;95.18453119999816;99.73109119999674;95.18453119999816;99.73109119999674;95.18453119999816;99.73109119999674;99.73109119999674;99.73109119999674;99.73109119999674;99.73109119999674;99.73109119999674;95.18453119999816;98.36712319999717;99.73109119999674;99.73109119999674;
129.03055066666406;19160.0;99.73109119999674;99.73109119999674;95.18453119999816;99.73109119999674;90.63797119999958;95.18453119999816;95.18453119999816;99.73109119999674;95.18453119999816;99.73109119999674;95.18453119999816;99.73109119999674;99.73109119999674;99.73109119999674;99.73109119999674;99.73109119999674;99.73109119999674;95.18453119999816;98.36712319999717;99.73109119999674;99.73109119999674;
130.030550666664;19160.0;99.73109119999674;99.73109119999674;95.18453119999816;99.73109119999674;90.63797119999958;95.18453119999816;95.18453119999816;99.73109119999674;95.18453119999816;99.73109119999674;95.18453119999816;99.73109119999674;99.73109119999674;99.73109119999674;99.73109119999674;99.73109119999674;99.73109119999674;95.18453119999816;98.36712319999717;99.73109119999674;99.73109119999674;
131.03055066666394;19160.0;99.73109119999674;99.73109119999674;95.18453119999816;99.73109119999674;90.63797119999958;95.18453119999816;95.18453119999816;99.73109119999674;95.18453119999816;99.73109119999674;95.18453119999816;99.73109119999674;99.73109119999674;99.73109119999674;99.73109119999674;99.73109119999674;99.73109119999674;95.18453119999816;98.36712319999717;99.73109119999674;99.73109119999674;
132.03055066666388;19160.0;99.73109119999674;99.73109119999674;95.18453119999816;99.73109119999674;90.63797119999958;95.18453119999816;95.18453119999816;99.73109119999674;95.18453119999816;99.73109119999674;95.18453119999816;99.73109119999674;99.73109119999674;99.73109119999674;99.73109119999674;99.73109119999674;99.73109119999674;95.18453119999816;98.36712319999717;99.73109119999674;99.73109119999674;
133.03055066666383;19160.0;99.73109119999674;99.73109119999674;95.18453119999816;99.73109119999674;90.63797119999958;95.18453119999816;95.18453119999816;99.73109119999674;95.18453119999816;99.73109119999674;95.18453119999816;99.73109119999674;99.73109119999674;99.73109119999674;99.73109119999674;99.73109119999674;99.73109119999674;95.18453119999816;98.36712319999717;99.73109119999674;99.73109119999674;
134.03055066666377;19160.0;99.73109119999674;99.73109119999674;95.18453119999816;99.73109119999674;90.63797119999958;95.18453119999816;95.18453119999816;99.73109119999674;95.18453119999816;99.73109119999674;95.18453119999816;99.73109119999674;99.73109119999674;99.73109119999674;99.73109119999674;99.73109119999674;99.73109119999674;95.18453119999816;98.36712319999717;99.73109119999674;99.73109119999674;
135.03055066666371;19160.0;99.73109119999674;99.73109119999674;95.18453119999816;99.73109119999674;90.63797119999958;95.18453119999816;95.18453119999816;99.73109119999674;95.18453119999816;99.73109119999674;95.18453119999816;99.73109119999674;99.73109119999674;99.73109119999674;99.73109119999674;99.73109119999674;99.73109119999674;95.18453119999816;98.36712319999717;99.73109119999674;99.73109119999674;
136.03055066666366;19160.0;99.73109119999674;99.73109119999674;95.18453119999816;99.73109119999674;90.63797119999958;95.18453119999816;95.18453119999816;99.73109119999674;95.18453119999816;99.73109119999674;95.18453119999816;99.73109119999674;99.73109119999674;99.73109119999674;99.73109119999674;99.73109119999674;99.73109119999674;95.18453119999816;98.36712319999717;99.73109119999674;99.73109119999674;
137.0305506666636;19160.0;99.73109119999674;99.73109119999674;95.18453119999816;99.73109119999674;90.63797119999958;95.18453119999816;95.18453119999816;99.73109119999674;95.18453119999816;99.73109119999674;95.18453119999816;99.73109119999674;99.73109119999674;99.73109119999674;99.73109119999674;99.73109119999674;99.73109119999674;95.18453119999816;98.36712319999717;99.73109119999674;99.73109119999674;
138.03055066666354;19160.0;99.73109119999674;99.73109119999674;95.18453119999816;99.73109119999674;90.63797119999958;95.18453119999816;95.18453119999816;99.73109119999674;95.18453119999816;99.73109119999674;95.18453119999816;99.73109119999674;99.73109119999674;99.73109119999674;99.73109119999674;99.73109119999674;99.73109119999674;95.18453119999816;98.36712319999717;99.73109119999674;99.73109119999674;
139.0305506666635;19160.0;99.73109119999674;99.73109119999674;95.18453119999816;99.73109119999674;90.63797119999958;95.18453119999816;95.18453119999816;99.73109119999674;95.18453119999816;99.73109119999674;95.18453119999816;99.73109119999674;99.73109119999674;99.73109119999674;99.73109119999674;99.73109119999674;99.73109119999674;95.18453119999816;98.36712319999717;99.73109119999674;99.73109119999674;
140.03055066666343;19160.0;99.73109119999674;99.73109119999674;95.18453119999816;99.73109119999674;90.63797119999958;95.18453119999816;95.18453119999816;99.73109119999674;95.18453119999816;99.73109119999674;95.18453119999816;99.73109119999674;99.73109119999674;99.73109119999674;99.73109119999674;99.73109119999674;99.73109119999674;95.18453119999816;98.36712319999717;99.73109119999674;99.73109119999674;
141.03055066666337;19160.0;99.73109119999674;99.73109119999674;95.18453119999816;99.73109119999674;90.63797119999958;95.18453119999816;95.18453119999816;99.73109119999674;95.18453119999816;99.73109119999674;95.18453119999816;99.73109119999674;99.73109119999674;99.73109119999674;99.73109119999674;99.73109119999674;99.73109119999674;95.18453119999816;98.36712319999717;99.73109119999674;99.73109119999674;
142.03055066666332;19160.0;99.73109119999674;99.73109119999674;95.18453119999816;99.73109119999674;90.63797119999958;95.18453119999816;95.18453119999816;99.73109119999674;95.18453119999816;99.73109119999674;95.18453119999816;99.73109119999674;99.73109119999674;99.73109119999674;99.73109119999674;99.73109119999674;99.73109119999674;95.18453119999816;98.36712319999717;99.73109119999674;99.73109119999674;
143.03055066666326;19160.0;99.73109119999674;99.73109119999674;95.18453119999816;99.73109119999674;90.63797119999958;95.18453119999816;95.18453119999816;99.73109119999674;95.18453119999816;99.73109119999674;95.18453119999816;99.73109119999674;99.73109119999674;99.73109119999674;99.73109119999674;99.73109119999674;99.73109119999674;95.18453119999816;98.36712319999717;99.73109119999674;99.73109119999674;
144.0305506666632;19160.0;99.73109119999674;99.73109119999674;95.18453119999816;99.73109119999674;90.63797119999958;95.18453119999816;95.18453119999816;99.73109119999674;95.18453119999816;99.73109119999674;95.18453119999816;99.73109119999674;99.73109119999674;99.73109119999674;99.73109119999674;99.73109119999674;99.73109119999674;95.18453119999816;98.36712319999717;99.73109119999674;99.73109119999674;
145.03055066666315;19160.0;99.73109119999674;99.73109119999674;95.18453119999816;99.73109119999674;90.63797119999958;95.18453119999816;95.18453119999816;99.73109119999674;95.18453119999816;99.73109119999674;95.18453119999816;99.73109119999674;99.73109119999674;99.73109119999674;99.73109119999674;99.73109119999674;99.73109119999674;95.18453119999816;98.36712319999717;99.73109119999674;99.73109119999674;
146.0305506666631;19160.0;99.73109119999674;99.73109119999674;95.18453119999816;99.73109119999674;90.63797119999958;95.18453119999816;95.18453119999816;99.73109119999674;95.18453119999816;99.73109119999674;95.18453119999816;99.73109119999674;99.73109119999674;99.73109119999674;99.73109119999674;99.73109119999674;99.73109119999674;95.18453119999816;98.36712319999717;99.73109119999674;99.73109119999674;
147.03055066666303;19160.0;99.73109119999674;99.73109119999674;95.18453119999816;99.73109119999674;90.63797119999958;95.18453119999816;95.18453119999816;99.73109119999674;95.18453119999816;99.73109119999674;95.18453119999816;99.73109119999674;99.73109119999674;99.73109119999674;99.73109119999674;99.73109119999674;99.73109119999674;95.18453119999816;98.36712319999717;99.73109119999674;99.73109119999674;
148.03055066666298;19160.0;99.73109119999674;99.73109119999674;95.18453119999816;99.73109119999674;90.63797119999958;95.18453119999816;95.18453119999816;99.73109119999674;95.18453119999816;99.73109119999674;95.18453119999816;99.73109119999674;99.73109119999674;99.73109119999674;99.73109119999674;99.73109119999674;99.73109119999674;95.18453119999816;98.36712319999717;99.73109119999674;99.73109119999674;
149.03055066666292;19160.0;99.73109119999674;99.73109119999674;95.18453119999816;99.73109119999674;90.63797119999958;95.18453119999816;95.18453119999816;99.73109119999674;95.18453119999816;99.73109119999674;95.18453119999816;99.73109119999674;99.73109119999674;99.73109119999674;99.73109119999674;99.73109119999674;99.73109119999674;95.18453119999816;98.36712319999717;99.73109119999674;99.73109119999674;
150.03055066666286;19160.0;99.73109119999674;99.73109119999674;95.18453119999816;99.73109119999674;90.63797119999958;95.18453119999816;95.18453119999816;99.73109119999674;95.18453119999816;99.73109119999674;95.18453119999816;99.73109119999674;99.73109119999674;99.73109119999674;99.73109119999674;99.73109119999674;99.73109119999674;95.18453119999816;98.36712319999717;99.73109119999674;99.73109119999674;
151.0305506666628;19160.0;99.73109119999674;99.73109119999674;95.18453119999816;99.73109119999674;90.63797119999958;95.18453119999816;95.18453119999816;99.73109119999674;95.18453119999816;99.73109119999674;95.18453119999816;99.73109119999674;99.73109119999674;99.73109119999674;99.73109119999674;99.73109119999674;99.73109119999674;95.18453119999816;98.36712319999717;99.73109119999674;99.73109119999674;
152.03055066666275;19160.0;99.73109119999674;99.73109119999674;95.18453119999816;99.73109119999674;90.63797119999958;95.18453119999816;95.18453119999816;99.73109119999674;95.18453119999816;99.73109119999674;95.18453119999816;99.73109119999674;99.73109119999674;99.73109119999674;99.73109119999674;99.73109119999674;99.73109119999674;95.18453119999816;98.36712319999717;99.73109119999674;99.73109119999674;
153.0305506666627;19160.0;99.73109119999674;99.73109119999674;95.18453119999816;99.73109119999674;90.63797119999958;95.18453119999816;95.18453119999816;99.73109119999674;95.18453119999816;99.73109119999674;95.18453119999816;99.73109119999674;99.73109119999674;99.73109119999674;99.73109119999674;99.73109119999674;99.73109119999674;95.18453119999816;98.36712319999717;99.73109119999674;99.73109119999674;
154.03055066666263;19160.0;99.73109119999674;99.73109119999674;95.18453119999816;99.73109119999674;90.63797119999958;95.18453119999816;95.18453119999816;99.73109119999674;95.18453119999816;99.73109119999674;95.18453119999816;99.73109119999674;99.73109119999674;99.73109119999674;99.73109119999674;99.73109119999674;99.73109119999674;95.18453119999816;98.36712319999717;99.73109119999674;99.73109119999674;
155.03055066666258;19160.0;99.73109119999674;99.73109119999674;95.18453119999816;99.73109119999674;90.63797119999958;95.18453119999816;95.18453119999816;99.73109119999674;95.18453119999816;99.73109119999674;95.18453119999816;99.73109119999674;99.73109119999674;99.73109119999674;99.73109119999674;99.73109119999674;99.73109119999674;95.18453119999816;98.36712319999717;99.73109119999674;99.73109119999674;
156.03055066666252;19160.0;99.73109119999674;99.73109119999674;95.18453119999816;99.73109119999674;90.63797119999958;95.18453119999816;95.18453119999816;99.73109119999674;95.18453119999816;99.73109119999674;95.18453119999816;99.73109119999674;99.73109119999674;99.73109119999674;99.73109119999674;99.73109119999674;99.73109119999674;95.18453119999816;98.36712319999717;99.73109119999674;99.73109119999674;
157.03055066666246;19160.0;99.73109119999674;99.73109119999674;95.18453119999816;99.73109119999674;90.63797119999958;95.18453119999816;95.18453119999816;99.73109119999674;95.18453119999816;99.73109119999674;95.18453119999816;99.73109119999674;99.73109119999674;99.73109119999674;99.73109119999674;99.73109119999674;99.73109119999674;95.18453119999816;98.36712319999717;99.73109119999674;99.73109119999674;
158.0305506666624;19160.0;99.73109119999674;99.73109119999674;95.18453119999816;99.73109119999674;90.63797119999958;95.18453119999816;95.18453119999816;99.73109119999674;95.18453119999816;99.73109119999674;95.18453119999816;99.73109119999674;99.73109119999674;99.73109119999674;99.73109119999674;99.73109119999674;99.73109119999674;95.18453119999816;98.36712319999717;99.73109119999674;99.73109119999674;
159.03055066666235;19160.0;99.73109119999674;99.73109119999674;95.18453119999816;99.73109119999674;90.63797119999958;95.18453119999816;95.18453119999816;99.73109119999674;95.18453119999816;99.73109119999674;95.18453119999816;99.73109119999674;99.73109119999674;99.73109119999674;99.73109119999674;99.73109119999674;99.73109119999674;95.18453119999816;98.36712319999717;99.73109119999674;99.73109119999674;
160.0305506666623;19160.0;99.73109119999674;99.73109119999674;95.18453119999816;99.73109119999674;90.63797119999958;95.18453119999816;95.18453119999816;99.73109119999674;95.18453119999816;99.73109119999674;95.18453119999816;99.73109119999674;99.73109119999674;99.73109119999674;99.73109119999674;99.73109119999674;99.73109119999674;95.18453119999816;98.36712319999717;99.73109119999674;99.73109119999674;
161.03055066666224;19160.0;99.73109119999674;99.73109119999674;95.18453119999816;99.73109119999674;90.63797119999958;95.18453119999816;95.18453119999816;99.73109119999674;95.18453119999816;99.73109119999674;95.18453119999816;99.73109119999674;99.73109119999674;99.73109119999674;99.73109119999674;99.73109119999674;99.73109119999674;95.18453119999816;98.36712319999717;99.73109119999674;99.73109119999674;
162.0305506666622;19160.0;99.73109119999674;99.73109119999674;95.18453119999816;99.73109119999674;90.63797119999958;95.18453119999816;95.18453119999816;99.73109119999674;95.18453119999816;99.73109119999674;95.18453119999816;99.73109119999674;99.73109119999674;99.73109119999674;99.73109119999674;99.73109119999674;99.73109119999674;95.18453119999816;98.36712319999717;99.73109119999674;99.73109119999674;
